{"cameraMode":{"drawMode":0,"name":"Shaded","section":"Shading Mode"},"sceneLighting":false,"audioPlay":false,"sceneViewState":{"showFog":true,"showMaterialUpdate":false,"showSkybox":false,"showFlares":true,"showImageEffects":true,"showParticleSystems":true},"in2DMode":false,"pivot":{"x":0.9767107963562012,"y":1.5897748470306397,"z":-1.610337257385254},"rotation":{"x":-0.042044974863529208,"y":0.9463673830032349,"z":-0.13752590119838715,"w":-0.2893262207508087},"size":22.0,"orthographic":false}