{"cameraMode":{"drawMode":0,"name":"Shaded","section":"Shading Mode"},"sceneLighting":true,"audioPlay":false,"sceneViewState":{"showFog":true,"showMaterialUpdate":false,"showSkybox":true,"showFlares":true,"showImageEffects":true,"showParticleSystems":true},"in2DMode":false,"pivot":{"x":3.140040874481201,"y":-5.131580352783203,"z":1.0083189010620118},"rotation":{"x":-0.5736040472984314,"y":-0.024803511798381807,"z":0.015947885811328889,"w":-0.8192281723022461},"size":28.578840255737306,"orthographic":false}